Island,SampleID,Samplename,Experiment,SiteNumber,SiteName,Replicate,Sample_type,Sample_location,Reef_area,Lat,Long,Dcrest,Disland,Dlagoon,Temp,DO,pH,MaxDepth.m,TP.mg.kg,TKN.mg.kg,TOCpercent,NoxasN.mg.kg,TN.mg.kg,NP,Observed,Chao1,Shannon,Simpson,Chla,Pheo,ChlPheo,MeanGrainsize,Sorting,Skewness,Kurtosis,D50um,GRAVELpercent,SANDpercent,MUDpercent
OTI,Alt1-a-Edge,Alt1_a_Edge,Patch,Alt1,Alt1,1,Sediment,Edge,Lagoon1,-23.49845,152.09142,436.6012043,857.9249402,1079.669135,25.88,103.5,8.24,2.18,218,250,0.21,0.1,250,1.15,1016,1433.014563,6.484791164,0.997542341,3.19374,1.851912,1.489208633,2.224408963,1.213285673,-0.010479841,1.204288937,211.6507846,0.004693743,0.920804715,0.074501542
OTI,Alt1-b-Edge,Alt1_b_Edge,Patch,Alt1,Alt1,2,Sediment,Edge,Lagoon1,-23.49845,152.09142,436.6012043,857.9249402,1079.669135,25.88,103.5,8.24,2.18,218,250,0.21,0.1,250,1.15,561,636.03,5.826790352,0.995433139,NA,NA,NA,1.937047928,1.282438708,-0.056831539,1.143482621,248.9797542,0.009659455,0.932566101,0.057774443
OTI,Alt1-c-Edge,Alt1_c_Edge,Patch,Alt1,Alt1,3,Sediment,Edge,Lagoon1,-23.49845,152.09142,436.6012043,857.9249402,1079.669135,25.88,103.5,8.24,2.18,218,250,0.21,0.1,250,1.15,938,1225.246305,6.400559303,0.997403937,NA,NA,NA,2.012423521,1.259480159,-0.03530869,1.16758675,240.8051475,0.008962232,0.929533605,0.061504164
OTI,Alt1-a-Inner,Alt1_a_Inner,Patch,Alt1,Alt1,1,Sediment,Inner,Lagoon1,-23.49845,152.09142,436.6012043,857.9249402,1079.669135,25.88,103.5,8.24,2.18,314,390,0.22,0.1,390,1.24,870,1132.906077,6.273046185,0.996816802,4.50684,2.696166,1.512953368,0.418754106,1.19072433,0.242113866,1.10568685,834.4295655,0.08063436,0.900227169,0.019138471
OTI,Alt1-b-Inner,Alt1_b_Inner,Patch,Alt1,Alt1,2,Sediment,Inner,Lagoon1,-23.49845,152.09142,436.6012043,857.9249402,1079.669135,25.88,103.5,8.24,2.18,314,390,0.22,0.1,390,1.24,547,603.875,5.80924213,0.995150305,NA,NA,NA,0.41893983,1.076257409,0.172734769,1.085221589,797.0385492,0.066641554,0.920707568,0.012650879
OTI,Alt1-c-Inner,Alt1_c_Inner,Patch,Alt1,Alt1,3,Sediment,Inner,Lagoon1,-23.49845,152.09142,436.6012043,857.9249402,1079.669135,25.88,103.5,8.24,2.18,314,390,0.22,0.1,390,1.24,1015,1474.026549,6.394622742,0.99707704,NA,NA,NA,0.225925107,0.984445842,0.144595142,1.125082274,888.1445788,0.082289716,0.905895522,0.011814762
OTI,Alt1-a-Outer,Alt1_a_Outer,Patch,Alt1,Alt1,1,Sediment,Outer,Lagoon1,-23.49845,152.09142,436.6012043,857.9249402,1079.669135,25.88,103.5,8.24,2.18,211,270,0.2,0.1,270,1.28,376,390.1714286,5.490461239,0.993991101,3.19434,1.90638,1.510948905,1.526200165,1.230441207,-0.034549846,0.959703095,335.5202656,0.0108934,0.959454408,0.029652192
OTI,Alt1-b-Outer,Alt1_b_Outer,Patch,Alt1,Alt1,2,Sediment,Outer,Lagoon1,-23.49845,152.09142,436.6012043,857.9249402,1079.669135,25.88,103.5,8.24,2.18,211,270,0.2,0.1,270,1.28,817,1042.833333,6.252135032,0.997107168,NA,NA,NA,1.476607615,1.212707689,-0.002790897,0.938902299,352.9638272,0.006055592,0.966589251,0.027355157
OTI,Alt1-c-Outer,Alt1_c_Outer,Patch,Alt1,Alt1,3,Sediment,Outer,Lagoon1,-23.49845,152.09142,436.6012043,857.9249402,1079.669135,25.88,103.5,8.24,2.18,211,270,0.2,0.1,270,1.28,628,687.0787402,6.00333651,0.996273543,NA,NA,NA,1.466640557,1.154677999,0.005955501,0.943120964,357.708207,0.001408189,0.974858546,0.023733265
OTI,Alt2-a-Edge,Alt2_a_Edge,Patch,Alt2,Alt2,1,Sediment,Edge,Lagoon1,-23.48746,152.08144,637.5753848,2227.702778,1067.83367,24.34,93.51,8.23,4.54,321,430,0.27,0.1,430,1.34,1385,2423.225,6.835630242,0.998276541,3.5103,1.9404225,1.456,2.031935747,1.468631436,0.034340453,0.959400268,242.393395,0.000692799,0.903206032,0.096101168
OTI,Alt2-b-Edge,Alt2_b_Edge,Patch,Alt2,Alt2,2,Sediment,Edge,Lagoon1,-23.48746,152.08144,637.5753848,2227.702778,1067.83367,24.34,93.51,8.23,4.54,321,430,0.27,0.1,430,1.34,1388,2553.606061,6.790249103,0.997879971,NA,NA,NA,1.932336132,1.495536547,0.021144064,0.940626527,257.1807801,0.002032172,0.909562612,0.088405216
OTI,Alt2-c-Edge,Alt2_c_Edge,Patch,Alt2,Alt2,3,Sediment,Edge,Lagoon1,-23.48746,152.08144,637.5753848,2227.702778,1067.83367,24.34,93.51,8.23,4.54,321,430,0.27,0.1,430,1.34,1528,2958.72043,6.998533887,0.998665578,NA,NA,NA,1.810032306,1.530363096,0.017819226,0.923110485,280.0249923,0.012644717,0.906231291,0.081123991
OTI,Alt2-a-Inner,Alt2_a_Inner,Patch,Alt2,Alt2,1,Sediment,Inner,Lagoon1,-23.48746,152.08144,637.5753848,2227.702778,1067.83367,24.34,93.51,8.23,4.54,340,410,0.27,0.1,410,1.21,942,1456.951351,6.238475187,0.996292562,6.34182,4.76595,1.741525424,0.883971638,1.261643697,0.184381182,1.04103009,587.3583051,0.036283623,0.930445907,0.03327047
OTI,Alt2-b-Inner,Alt2_b_Inner,Patch,Alt2,Alt2,2,Sediment,Inner,Lagoon1,-23.48746,152.08144,637.5753848,2227.702778,1067.83367,24.34,93.51,8.23,4.54,340,410,0.27,0.1,410,1.21,825,1051.513514,6.189999397,0.996549786,NA,NA,NA,0.92036072,1.189141896,0.17479636,1.042807286,565.4152367,0.023365965,0.944283166,0.032350869
OTI,Alt2-c-Inner,Alt2_c_Inner,Patch,Alt2,Alt2,3,Sediment,Inner,Lagoon1,-23.48746,152.08144,637.5753848,2227.702778,1067.83367,24.34,93.51,8.23,4.54,340,410,0.27,0.1,410,1.21,1067,1631.777273,6.472868039,0.997430488,NA,NA,NA,0.67445259,1.168998552,0.158807574,1.05307251,666.1918836,0.048937453,0.923022501,0.028040046
OTI,Alt2-a-Outer,Alt2_a_Outer,Patch,Alt2,Alt2,1,Sediment,Outer,Lagoon1,-23.48746,152.08144,637.5753848,2227.702778,1067.83367,24.34,93.51,8.23,4.54,269,440,0.26,0.2,440,1.64,1294,2141.503704,6.737087071,0.998063945,4.98426,2.777868,1.461538462,2.09705824,1.437967333,-0.083234202,1.034461034,217.4821499,0.012507061,0.903745492,0.083747447
OTI,Alt2-b-Outer,Alt2_b_Outer,Patch,Alt2,Alt2,2,Sediment,Outer,Lagoon1,-23.48746,152.08144,637.5753848,2227.702778,1067.83367,24.34,93.51,8.23,4.54,269,440,0.26,0.2,440,1.64,1449,2671.576087,6.904972037,0.998449969,NA,NA,NA,2.116846837,1.370618776,-0.026812482,0.99083622,220.5471397,0.000384966,0.916075392,0.083539642
OTI,Alt2-c-Outer,Alt2_c_Outer,Patch,Alt2,Alt2,3,Sediment,Outer,Lagoon1,-23.48746,152.08144,637.5753848,2227.702778,1067.83367,24.34,93.51,8.23,4.54,269,440,0.26,0.2,440,1.64,1574,3344.147601,6.977666733,0.998385193,NA,NA,NA,1.95673461,1.406590473,-0.008751771,0.965740061,248.5563657,0.000923548,0.923585772,0.07549068
OTI,Alt3-a,Alt3_a,Spot,Alt3,Alt3,1,Sediment,Spot,Lagoon1,-23.50223,152.09311,388.1774036,436.4103905,1367.160806,25.67055,104.1621429,8.25425,3.1,277,300,0.205,0.2,300,1.08,1787,3103.958904,6.992824741,0.998302988,3.491775,2.246805,1.573913043,0.752858649,1.15394951,0.183406379,1.019952109,644.2616512,0.036413361,0.94867937,0.014907269
OTI,Alt3-b,Alt3_b,Spot,Alt3,Alt3,2,Sediment,Spot,Lagoon1,-23.50223,152.09311,388.1774036,436.4103905,1367.160806,25.67055,104.1621429,8.25425,3.1,277,300,0.205,0.2,300,1.08,1895,3618.050847,7.035289136,0.998101186,NA,NA,NA,0.812764429,1.210486487,0.210828751,1.043949163,627.9141982,0.03436308,0.946471735,0.019165185
OTI,Alt3-c,Alt3_c,Spot,Alt3,Alt3,3,Sediment,Spot,Lagoon1,-23.50223,152.09311,388.1774036,436.4103905,1367.160806,25.67055,104.1621429,8.25425,3.1,277,300,0.205,0.2,300,1.08,1877,3130.80303,7.109571276,0.998604114,NA,NA,NA,0.734787618,1.221561996,0.20926311,1.018617011,665.7164399,0.044946834,0.937112382,0.017940784
OTI,Alt3W-a-Water,Alt3W_a_Water,Spot,Alt3,Alt3,1,Water,Water,Lagoon1,-23.50223,152.09311,388.1774036,436.4103905,1367.160806,,,,,,,,,,,,,,,NA,NA,NA,,,,,,,,
OTI,Alt3W-b-Water,Alt3W_b_Water,Spot,Alt3,Alt3,2,Water,Water,Lagoon1,-23.50223,152.09311,388.1774036,436.4103905,1367.160806,,,,,,,,,,,,,,,NA,NA,NA,,,,,,,,
OTI,Alt3W-c-Water,Alt3W_c_Water,Spot,Alt3,Alt3,3,Water,Water,Lagoon1,-23.50223,152.09311,388.1774036,436.4103905,1367.160806,,,,,,,,,,,,,,,NA,NA,NA,,,,,,,,
OTI,Alt4wall-a,Alt4wall_a,Spot,Alt4,Alt4,1,Sediment,Spot,Lagoon1,-23.48894,152.07678,647.6537634,2303.406915,996.5596065,22.3487138,100.1498316,8.19,4.7,319.5,410,0.26,0.15,410,1.28,1803,3168.008571,7.023809866,0.998403076,5.536425,3.40425,1.534759358,1.694355555,1.366047508,0.050878579,0.982120582,311.472071,0.006900931,0.935401362,0.057697708
OTI,Alt4wall-b,Alt4wall_b,Spot,Alt4,Alt4,2,Sediment,Spot,Lagoon1,-23.48894,152.07678,647.6537634,2303.406915,996.5596065,22.3487138,100.1498316,8.19,4.7,319.5,410,0.26,0.15,410,1.28,1987,4020.91404,7.128285688,0.998526777,NA,NA,NA,1.968757888,1.309451088,0.010216127,1.039191092,253.120464,0.003877408,0.929468074,0.066654518
OTI,Alt4wall-c,Alt4wall_c,Spot,Alt4,Alt4,3,Sediment,Spot,Lagoon1,-23.48894,152.07678,647.6537634,2303.406915,996.5596065,22.3487138,100.1498316,8.19,4.7,319.5,410,0.26,0.15,410,1.28,2234,4675.387952,7.282272691,0.998681259,NA,NA,NA,1.795299728,1.297303197,0.056090686,0.987133735,290.8908183,0.00046182,0.942099608,0.057438571
OTI,Alt4wallW-a-Water,Alt4wallW_a_Water,Spot,Alt4,Alt4,1,Water,Water,Lagoon1,-23.48894,152.07678,647.6537634,2303.406915,996.5596065,,,,,,,,,,,,,,,NA,NA,NA,,,,,,,,
OTI,Alt4wallW-b-Water,Alt4wallW_b_Water,Spot,Alt4,Alt4,2,Water,Water,Lagoon1,-23.48894,152.07678,647.6537634,2303.406915,996.5596065,,,,,,,,,,,,,,,NA,NA,NA,,,,,,,,
OTI,Alt4wallW-c-Water,Alt4wallW_c_Water,Spot,Alt4,Alt4,3,Water,Water,Lagoon1,-23.48894,152.07678,647.6537634,2303.406915,996.5596065,,,,,,,,,,,,,,,NA,NA,NA,,,,,,,,
OTI,Blank1,Blank1,Blank,Blank,Blank,1,Blank,Blank,Blank,NA,NA,NA,NA,NA,,,,,,,,,,,,,,,NA,NA,NA,,,,,,,,
OTI,Blank2,Blank2,Blank,Blank,Blank,2,Blank,Blank,Blank,NA,NA,NA,NA,NA,,,,,,,,,,,,,,,NA,NA,NA,,,,,,,,
OTI,Blank3,Blank3,Blank,Blank,Blank,3,Blank,Blank,Blank,NA,NA,NA,NA,NA,,,,,,,,,,,,,,,NA,NA,NA,,,,,,,,
OTI,Int-1a,Int_1a,Spot,Int1,Int1,1,Sediment,Spot,Intertidal,-23.505,152.0904,710.3009541,142.3355672,1308.063619,24.26321667,101.9116667,8.191,1.5,254.5,275,0.235,0.15,275,1.08,1423,2265.925532,6.625759288,0.99709227,3.8888,2.59,1.6,1.071471805,1.180381336,0.259547883,1.035351755,533.7134583,0.000962029,0.968404403,0.030633568
OTI,Int-1b,Int_1b,Spot,Int1,Int1,2,Sediment,Spot,Intertidal,-23.505,152.0904,710.3009541,142.3355672,1308.063619,24.26321667,101.9116667,8.191,1.5,254.5,275,0.235,0.15,275,1.08,2009,3897.258427,7.179908394,0.998593407,NA,NA,NA,0.629347843,1.195668955,0.258119852,1.150093432,724.5080326,0.045422772,0.934040032,0.020537196
OTI,Int-1c,Int_1c,Spot,Int1,Int1,3,Sediment,Spot,Intertidal,-23.505,152.0904,710.3009541,142.3355672,1308.063619,24.26321667,101.9116667,8.191,1.5,254.5,275,0.235,0.15,275,1.08,1781,2811.058824,7.065339637,0.998610041,NA,NA,NA,1.186173202,1.265736932,0.235270199,0.980373534,494.0413384,0.006523331,0.957635517,0.035841152
OTI,Int-2a,Int_2a,Spot,Int2,Int2,1,Sediment,Spot,Intertidal,-23.505,152.0904,710.3009541,142.3355672,1308.063619,24.26321667,101.9116667,8.191,1.5,254,250,0.195,0.15,250,0.98,1442,2286.376384,6.716067043,0.997477616,2.72,1.79,1.59,1.262154376,1.225011791,0.147464617,0.940604883,446.3578934,0.00744765,0.965850611,0.026701739
OTI,Int-2b,Int_2b,Spot,Int2,Int2,2,Sediment,Spot,Intertidal,-23.505,152.0904,710.3009541,142.3355672,1308.063619,24.26321667,101.9116667,8.191,1.5,254,250,0.195,0.15,250,0.98,1746,3151.70625,6.967245482,0.998262169,NA,NA,NA,1.249335101,1.221310657,0.195186056,0.953551716,461.7853445,0.001077904,0.969624264,0.029297832
OTI,Int-2c,Int_2c,Spot,Int2,Int2,3,Sediment,Spot,Intertidal,-23.505,152.0904,710.3009541,142.3355672,1308.063619,24.26321667,101.9116667,8.191,1.5,254,250,0.195,0.15,250,0.98,1867,3366.90113,7.086131847,0.998487105,NA,NA,NA,1.133542694,1.213885861,0.194796086,0.930927254,502.2828294,0.007033686,0.970928189,0.022038125
OTI,Neg1,Neg1,Negative,Negative,Negative,1,Negative,Negative,Negative,NA,NA,NA,NA,NA,,,,,,,,,,,,,,,NA,NA,NA,,,,,,,,
OTI,Neg2,Neg2,Negative,Negative,Negative,2,Negative,Negative,Negative,NA,NA,NA,NA,NA,,,,,,,,,,,,,,,NA,NA,NA,,,,,,,,
OTI,Neg3,Neg3,Negative,Negative,Negative,3,Negative,Negative,Negative,NA,NA,NA,NA,NA,,,,,,,,,,,,,,,NA,NA,NA,,,,,,,,
OTI,1a-Edge,1a_Edge,Patch,1,OTI01,1,Sediment,Edge,Lagoon1,-23.49134,152.08,1018.208569,1902.780547,642.4232151,22.66,105.74,8.23,4.14,322,400,0.3,0.4,400,1.24,1656,3598.04,7.090908228,0.998712655,3.42564,1.824678,1.432258065,1.977653473,1.438005413,0.112366923,0.989756105,266.614978,0.000269449,0.90368559,0.096044961
OTI,1b-Edge,1b_Edge,Patch,1,OTI01,2,Sediment,Edge,Lagoon1,-23.49134,152.08,1018.208569,1902.780547,642.4232151,22.66,105.74,8.23,4.14,322,400,0.3,0.4,400,1.24,1380,2265.840391,6.83812967,0.998317403,NA,NA,NA,1.912164906,1.508145477,0.120727262,0.966275024,281.5049251,0.000870115,0.899508455,0.099621429
OTI,1c-Edge,1c_Edge,Patch,1,OTI01,3,Sediment,Edge,Lagoon1,-23.49134,152.08,1018.208569,1902.780547,642.4232151,22.66,105.74,8.23,4.14,322,400,0.3,0.4,400,1.24,1541,2755.864865,6.976773536,0.998540544,NA,NA,NA,1.863155873,1.490691535,0.128135691,0.969434099,291.5781578,0.00053879,0.90574739,0.09371382
OTI,1a-Inner,1a_Inner,Patch,1,OTI01,1,Sediment,Inner,Lagoon1,-23.49134,152.08,1018.208569,1902.780547,642.4232151,22.66,105.74,8.23,4.14,456,480,0.37,0.2,480,1.05,1314,2147.241758,6.802450082,0.998327383,8.21865,5.4808425,1.60754717,0.826972466,1.15486482,0.307788913,1.314378184,622.7430157,0.006487845,0.95721683,0.036295325
OTI,1b-Inner,1b_Inner,Patch,1,OTI01,2,Sediment,Inner,Lagoon1,-23.49134,152.08,1018.208569,1902.780547,642.4232151,22.66,105.74,8.23,4.14,456,480,0.37,0.2,480,1.05,1282,2132.654275,6.717358394,0.998027037,NA,NA,NA,0.532808437,1.066805809,0.250915676,1.377587257,732.2268157,0.02874704,0.940805882,0.030447077
OTI,1c-Inner,1c_Inner,Patch,1,OTI01,3,Sediment,Inner,Lagoon1,-23.49134,152.08,1018.208569,1902.780547,642.4232151,22.66,105.74,8.23,4.14,456,480,0.37,0.2,480,1.05,1088,1591.012048,6.523022941,0.997731963,NA,NA,NA,0.566995521,1.067310495,0.240181967,1.309881229,718.6147128,0.028908564,0.942837742,0.028253695
OTI,1a-Outer,1a_Outer,Patch,1,OTI01,1,Sediment,Outer,Lagoon1,-23.49134,152.08,1018.208569,1902.780547,642.4232151,22.66,105.74,8.23,4.14,330,380,0.29,0.2,380,1.15,1324,2126.458042,6.792957748,0.998208186,4.3599,2.6212725,1.516778523,2.262591343,1.551342252,-0.006060456,0.913867108,204.3639123,0.00142411,0.86230576,0.13627013
OTI,1b-Outer,1b_Outer,Patch,1,OTI01,2,Sediment,Outer,Lagoon1,-23.49134,152.08,1018.208569,1902.780547,642.4232151,22.66,105.74,8.23,4.14,330,380,0.29,0.2,380,1.15,1340,2295.33574,6.768305131,0.998051328,NA,NA,NA,2.001399485,1.642563817,0.037282255,0.87487661,251.9842433,0.012102026,0.867111529,0.120786445
OTI,1c-Outer,1c_Outer,Patch,1,OTI01,3,Sediment,Outer,Lagoon1,-23.49134,152.08,1018.208569,1902.780547,642.4232151,22.66,105.74,8.23,4.14,330,380,0.29,0.2,380,1.15,906,1158.428571,6.251499991,0.996610609,NA,NA,NA,1.976661845,1.677544615,0.006907541,0.889133061,250.9490594,0.020104747,0.860744554,0.1191507
OTI,3a-Edge,3a_Edge,Patch,3,OTI03,1,Sediment,Edge,Lagoon1,-23.49593,152.07,1063.868206,2276.857352,1122.832419,24.64,87.7,8.16,2.51,399,740,0.46,0.5,740,1.85,1420,2624.637405,6.883547297,0.998405341,4.64562,2.914038,1.551546392,2.34380115,2.00757946,0.137441694,0.826656992,214.9461955,0.005085126,0.759120431,0.235794443
OTI,3b-Edge,3b_Edge,Patch,3,OTI03,2,Sediment,Edge,Lagoon1,-23.49593,152.07,1063.868206,2276.857352,1122.832419,24.64,87.7,8.16,2.51,399,740,0.46,0.5,740,1.85,1147,1688.003717,6.583369018,0.997762469,NA,NA,NA,2.437578551,2.012216542,0.143365456,0.856552662,201.0027985,0.001293274,0.753018542,0.245688184
OTI,3c-Edge,3c_Edge,Patch,3,OTI03,3,Sediment,Edge,Lagoon1,-23.49593,152.07,1063.868206,2276.857352,1122.832419,24.64,87.7,8.16,2.51,399,740,0.46,0.5,740,1.85,1463,3046.677686,6.899067448,0.998433022,NA,NA,NA,2.453662927,1.989784731,0.152360922,0.870662042,199.6952275,0.00053906,0.75669309,0.242767851
OTI,3a-Inner,3a_Inner,Patch,3,OTI03,1,Sediment,Inner,Lagoon1,-23.49593,152.07,1063.868206,2276.857352,1122.832419,24.64,87.7,8.16,2.51,290,460,0.44,0.2,460,1.59,1164,2019.967742,6.516002305,0.997193412,6.477589286,4.285707589,1.6,1.012629725,1.131877677,0.186166877,1.146484145,520.1719178,0.007236495,0.955518859,0.037244646
OTI,3b-Inner,3b_Inner,Patch,3,OTI03,2,Sediment,Inner,Lagoon1,-23.49593,152.07,1063.868206,2276.857352,1122.832419,24.64,87.7,8.16,2.51,290,460,0.44,0.2,460,1.59,933,1375.05,6.235122634,0.996310263,NA,NA,NA,0.916612308,1.136887381,0.19258748,1.137515087,559.8241986,0.01278608,0.951287153,0.035926767
OTI,3c-Inner,3c_Inner,Patch,3,OTI03,3,Sediment,Inner,Lagoon1,-23.49593,152.07,1063.868206,2276.857352,1122.832419,24.64,87.7,8.16,2.51,290,460,0.44,0.2,460,1.59,985,1586.329787,6.329594504,0.996865385,NA,NA,NA,0.822288742,1.196698871,0.219403618,1.177184507,607.5316788,0.024953437,0.93768393,0.037362632
OTI,3a-Outer,3a_Outer,Patch,3,OTI03,1,Sediment,Outer,Lagoon1,-23.49593,152.07,1063.868206,2276.857352,1122.832419,24.64,87.7,8.16,2.51,345,480,0.28,0.3,480,1.39,1194,2157.604444,6.536645807,0.997272312,4.66104,3.077442,1.597883598,1.823115311,1.174710533,0.128920318,1.069268805,294.4007627,0,0.943187375,0.056812625
OTI,3b-Outer,3b_Outer,Patch,3,OTI03,2,Sediment,Outer,Lagoon1,-23.49593,152.07,1063.868206,2276.857352,1122.832419,24.64,87.7,8.16,2.51,345,480,0.28,0.3,480,1.39,872,1311.052632,6.145786195,0.996020085,NA,NA,NA,1.718883299,1.237214736,0.103245983,1.055256115,313.9961272,0.003508698,0.942501661,0.053989641
OTI,3c-Outer,3c_Outer,Patch,3,OTI03,3,Sediment,Outer,Lagoon1,-23.49593,152.07,1063.868206,2276.857352,1122.832419,24.64,87.7,8.16,2.51,345,480,0.28,0.3,480,1.39,1251,2491.764706,6.626124481,0.997615026,NA,NA,NA,1.751071176,1.264544593,0.119878894,1.035737879,309.1423164,0,0.939790502,0.060209498
OTI,3W-a-Water,3W_a_Water,Patch,3,OTI03,1,Water,Water,Lagoon1,-23.49593,152.07,1063.868206,2276.857352,1122.832419,,,,,,,,,,,,,,,NA,NA,NA,,,,,,,,
OTI,3W-b-Water,3W_b_Water,Patch,3,OTI03,2,Water,Water,Lagoon1,-23.49593,152.07,1063.868206,2276.857352,1122.832419,,,,,,,,,,,,,,,NA,NA,NA,,,,,,,,
OTI,5a-Edge,5a_Edge,Patch,5,OTI05,1,Sediment,Edge,Lagoon1,-23.49456,152.07854,1340.876438,1603.7694,293.3388899,24.4,88.62,8.25,4.3,344,580,0.42,0.2,580,1.69,1329,1874.227545,6.877995364,0.998532259,4.377675,1.8723375,1.319767442,3.344521045,1.853317329,-0.195262906,0.972808576,77.54140039,0,0.578370988,0.421629012
OTI,5b-Edge,5b_Edge,Patch,5,OTI05,2,Sediment,Edge,Lagoon1,-23.49456,152.07854,1340.876438,1603.7694,293.3388899,24.4,88.62,8.25,4.3,344,580,0.42,0.2,580,1.69,497,517.5813953,5.803307683,0.995666449,NA,NA,NA,3.265453189,1.917888503,-0.213925231,0.963999833,80.31266827,0.000500505,0.58695777,0.412541725
OTI,5c-Edge,5c_Edge,Patch,5,OTI05,3,Sediment,Edge,Lagoon1,-23.49456,152.07854,1340.876438,1603.7694,293.3388899,24.4,88.62,8.25,4.3,344,580,0.42,0.2,580,1.69,489,513.5853659,5.791650949,0.995618808,NA,NA,NA,3.378231287,1.833294734,-0.198877417,1.008622104,76.57964772,0.002062738,0.573830187,0.424107075
OTI,5a-Inner,5a_Inner,Patch,5,OTI05,1,Sediment,Inner,Lagoon1,-23.49456,152.07854,1340.876438,1603.7694,293.3388899,24.4,88.62,8.25,4.3,344,420,0.33,0.2,420,1.22,1194,1989.6,6.590763752,0.997513718,4.417725,2.927655,1.601398601,0.993937489,1.07678064,0.202002238,1.079250153,535.7697485,0.000885244,0.967367062,0.031747695
OTI,5b-Inner,5b_Inner,Patch,5,OTI05,2,Sediment,Inner,Lagoon1,-23.49456,152.07854,1340.876438,1603.7694,293.3388899,24.4,88.62,8.25,4.3,344,420,0.33,0.2,420,1.22,909,1187.030973,6.281016784,0.996955771,NA,NA,NA,0.847810835,1.207762354,0.190393855,1.079017835,599.553717,0.031385392,0.935560434,0.033054175
OTI,5c-Inner,5c_Inner,Patch,5,OTI05,3,Sediment,Inner,Lagoon1,-23.49456,152.07854,1340.876438,1603.7694,293.3388899,24.4,88.62,8.25,4.3,344,420,0.33,0.2,420,1.22,1369,2606.645161,6.793384869,0.998168642,NA,NA,NA,0.973741981,1.234544344,0.187830477,1.033445195,550.4724622,0.023193618,0.941215486,0.035590896
OTI,5a-Outer,5a_Outer,Patch,5,OTI05,1,Sediment,Outer,Lagoon1,-23.49456,152.07854,1340.876438,1603.7694,293.3388899,24.4,88.62,8.25,4.3,299,450,0.28,0.2,450,1.51,777,932.0304878,6.156172602,0.996314405,4.31985,2.0765925,1.374233129,2.786517488,1.770894706,-0.152645612,0.813388172,124.9055401,0.004047649,0.707705589,0.288246761
OTI,5b-Outer,5b_Outer,Patch,5,OTI05,2,Sediment,Outer,Lagoon1,-23.49456,152.07854,1340.876438,1603.7694,293.3388899,24.4,88.62,8.25,4.3,299,450,0.28,0.2,450,1.51,1157,1688.102564,6.532048433,0.997001529,NA,NA,NA,2.399397374,1.879848427,-0.019050361,0.762188283,183.93551,0.011468121,0.7507742,0.237757679
OTI,5c-Outer,5c_Outer,Patch,5,OTI05,3,Sediment,Outer,Lagoon1,-23.49456,152.07854,1340.876438,1603.7694,293.3388899,24.4,88.62,8.25,4.3,299,450,0.28,0.2,450,1.51,805,953.6666667,6.152529265,0.994488414,NA,NA,NA,2.466388329,1.845857764,-0.041924638,0.778656484,173.0414588,0.011879011,0.745713105,0.242407883
OTI,5W-a-Water,5W_a_Water,Patch,5,OTI05,1,Water,Water,Lagoon1,-23.49456,152.07854,1340.876438,1603.7694,293.3388899,,,,,,,,,,,,,,,NA,NA,NA,,,,,,,,
OTI,5W-b-Water,5W_b_Water,Patch,5,OTI05,2,Water,Water,Lagoon1,-23.49456,152.07854,1340.876438,1603.7694,293.3388899,,,,,,,,,,,,,,,NA,NA,NA,,,,,,,,
OTI,5W-c-Water,5W_c_Water,Patch,5,OTI05,3,Water,Water,Lagoon1,-23.49456,152.07854,1340.876438,1603.7694,293.3388899,,,,,,,,,,,,,,,NA,NA,NA,,,,,,,,
OTI,6a-Edge,6a_Edge,Patch,6,OTI06,1,Sediment,Edge,Lagoon1,-23.49476,152.09,433.7836158,1260.55002,958.1642046,25.49,92.07,8.19,3.84,351,400,0.26,0.7,400,1.14,1224,2049.267206,6.642047122,0.997735541,4.803225,2.99574,1.546583851,1.369707022,1.450357794,0.120296979,0.954751899,408.1782192,0.024098213,0.923188348,0.052713439
OTI,6b-Edge,6b_Edge,Patch,6,OTI06,2,Sediment,Edge,Lagoon1,-23.49476,152.09,433.7836158,1260.55002,958.1642046,25.49,92.07,8.19,3.84,351,400,0.26,0.7,400,1.14,1281,2087.261538,6.752731977,0.99810669,NA,NA,NA,1.390916013,1.494710911,0.11904543,0.935610878,403.8258135,0.027062676,0.916508562,0.056428762
OTI,6c-Edge,6c_Edge,Patch,6,OTI06,3,Sediment,Edge,Lagoon1,-23.49476,152.09,433.7836158,1260.55002,958.1642046,25.49,92.07,8.19,3.84,351,400,0.26,0.7,400,1.14,1277,2079.836364,6.718407958,0.997995213,NA,NA,NA,1.559263589,1.457424924,0.090960283,0.936390496,349.9236223,0.014643853,0.923873282,0.061482865
OTI,6a-Inner,6a_Inner,Patch,6,OTI06,1,Sediment,Inner,Lagoon1,-23.49476,152.09,433.7836158,1260.55002,958.1642046,25.49,92.07,8.19,3.84,332,350,0.26,0.2,350,1.05,1032,1295.626609,6.587855984,0.997993519,1.8615375,1.14042375,1.531746032,1.607870287,1.382890413,0.104286241,1.019554179,336.2961635,0.004894169,0.932074267,0.063031565
OTI,6b-Inner,6b_Inner,Patch,6,OTI06,2,Sediment,Inner,Lagoon1,-23.49476,152.09,433.7836158,1260.55002,958.1642046,25.49,92.07,8.19,3.84,332,350,0.26,0.2,350,1.05,1171,1853.428571,6.653884679,0.998038147,NA,NA,NA,1.435735096,1.383046308,0.115327678,1.009038398,383.8392927,0.013873268,0.93224139,0.053885343
OTI,6c-Inner,6c_Inner,Patch,6,OTI06,3,Sediment,Inner,Lagoon1,-23.49476,152.09,433.7836158,1260.55002,958.1642046,25.49,92.07,8.19,3.84,332,350,0.26,0.2,350,1.05,1296,2225.47451,6.764069309,0.998249802,NA,NA,NA,1.512619074,1.334443544,0.137892418,1.009594233,366.4123433,0.00100061,0.943530529,0.055468861
OTI,6a-Outer,6a_Outer,Patch,6,OTI06,1,Sediment,Outer,Lagoon1,-23.49476,152.09,433.7836158,1260.55002,958.1642046,25.49,92.07,8.19,3.84,336,290,0.23,0.3,290,0.86,1451,2594.372483,6.886126893,0.998362784,3.221175,2.110635,1.59047619,1.79056996,1.147847476,-0.031693718,0.965126877,281.5872904,0.000308034,0.969609823,0.030082142
OTI,6b-Outer,6b_Outer,Patch,6,OTI06,2,Sediment,Outer,Lagoon1,-23.49476,152.09,433.7836158,1260.55002,958.1642046,25.49,92.07,8.19,3.84,336,290,0.23,0.3,290,0.86,1393,2541.011278,6.83377226,0.998240575,NA,NA,NA,1.618293751,1.216466587,0.004717593,0.918131652,322.0742254,0.000615883,0.969943907,0.029440209
OTI,6c-Outer,6c_Outer,Patch,6,OTI06,3,Sediment,Outer,Lagoon1,-23.49476,152.09,433.7836158,1260.55002,958.1642046,25.49,92.07,8.19,3.84,336,290,0.23,0.3,290,0.86,1179,1680.012097,6.727006553,0.998285203,NA,NA,NA,1.738046448,1.22291108,-0.022936555,0.930774377,291.6228838,0.000885421,0.964532441,0.034582138
OTI,7a-Edge,7a_Edge,Patch,7,OTI07,1,Sediment,Edge,Lagoon1,-23.49736,152.08497,1489.415572,1365.816204,102.0251177,24.13,88.75,8.21,3.85,349,390,0.34,0.3,390,1.12,1441,2381.786408,6.904159721,0.998283696,5.160566038,2.940358491,1.476851852,2.031121029,1.846269724,0.054674473,0.837881043,249.6346383,0.021391427,0.820615256,0.157993317
OTI,7b-Edge,7b_Edge,Patch,7,OTI07,2,Sediment,Edge,Lagoon1,-23.49736,152.08497,1489.415572,1365.816204,102.0251177,24.13,88.75,8.21,3.85,349,390,0.34,0.3,390,1.12,1249,1888.795699,6.737636814,0.998186719,NA,NA,NA,2.192892494,1.855786814,0.029068982,0.864602835,216.3226588,0.015945676,0.807012672,0.177041651
OTI,7c-Edge,7c_Edge,Patch,7,OTI07,3,Sediment,Edge,Lagoon1,-23.49736,152.08497,1489.415572,1365.816204,102.0251177,24.13,88.75,8.21,3.85,349,390,0.34,0.3,390,1.12,1086,1452.394737,6.511302955,0.99713146,NA,NA,NA,2.169422183,1.826698953,0.064755488,0.845936385,226.1026106,0.006163533,0.820485479,0.173350988
OTI,7a-Inner,7a_Inner,Patch,7,OTI07,1,Sediment,Inner,Lagoon1,-23.49736,152.08497,1489.415572,1365.816204,102.0251177,24.13,88.75,8.21,3.85,351,350,0.36,0.2,350,1,900,1200.645933,6.237367662,0.996293692,5.189475,3.4382925,1.601190476,1.488500005,1.281861977,0.073958317,0.962655866,362.6488546,0.006008556,0.951421308,0.042570135
OTI,7b-Inner,7b_Inner,Patch,7,OTI07,2,Sediment,Inner,Lagoon1,-23.49736,152.08497,1489.415572,1365.816204,102.0251177,24.13,88.75,8.21,3.85,351,350,0.36,0.2,350,1,1063,1528.318367,6.462021585,0.997314868,NA,NA,NA,1.476274091,1.230905077,0.071539951,0.991542969,365.0247274,0.006015491,0.953577179,0.04040733
OTI,7c-Inner,7c_Inner,Patch,7,OTI07,3,Sediment,Inner,Lagoon1,-23.49736,152.08497,1489.415572,1365.816204,102.0251177,24.13,88.75,8.21,3.85,351,350,0.36,0.2,350,1,1322,2451.613821,6.69451875,0.997604669,NA,NA,NA,1.398849553,1.25994249,0.105466446,0.967725392,391.9054482,0.001693002,0.95751474,0.040792258
OTI,7a-Outer,7a_Outer,Patch,7,OTI07,1,Sediment,Outer,Lagoon1,-23.49736,152.08497,1489.415572,1365.816204,102.0251177,24.13,88.75,8.21,3.85,331,370,0.29,0.2,370,1.12,1245,2004.521277,6.628889101,0.99755458,3.04845,1.9404225,1.564356436,2.757753919,1.212725824,-0.110228293,1.07315808,139.2293583,0,0.860659208,0.139340792
OTI,7b-Outer,7b_Outer,Patch,7,OTI07,2,Sediment,Outer,Lagoon1,-23.49736,152.08497,1489.415572,1365.816204,102.0251177,24.13,88.75,8.21,3.85,331,370,0.29,0.2,370,1.12,1235,2045.750988,6.58366618,0.99650384,NA,NA,NA,2.33178362,1.425239897,-0.113719915,1.045116747,181.7124953,0.006447245,0.886321003,0.107231752
OTI,7c-Outer,7c_Outer,Patch,7,OTI07,3,Sediment,Outer,Lagoon1,-23.49736,152.08497,1489.415572,1365.816204,102.0251177,24.13,88.75,8.21,3.85,331,370,0.29,0.2,370,1.12,1258,2128.023715,6.682079998,0.997895412,NA,NA,NA,2.585586421,1.318660914,-0.100978861,1.091894526,155.9357799,7.70E-05,0.872515021,0.127408009
OTI,7W-a-Water,7W_a_Water,Patch,7,OTI07,1,Water,Water,Lagoon1,-23.49736,152.08497,1489.415572,1365.816204,102.0251177,,,,,,,,,,,,,,,NA,NA,NA,,,,,,,,
OTI,7W-b-Water,7W_b_Water,Patch,7,OTI07,2,Water,Water,Lagoon1,-23.49736,152.08497,1489.415572,1365.816204,102.0251177,,,,,,,,,,,,,,,NA,NA,NA,,,,,,,,
OTI,7W-c-Water,7W_c_Water,Patch,7,OTI07,3,Water,Water,Lagoon1,-23.49736,152.08497,1489.415572,1365.816204,102.0251177,,,,,,,,,,,,,,,NA,NA,NA,,,,,,,,
OTI,8a-Edge,8a_Edge,Patch,8,OTI08,1,Sediment,Edge,Lagoon1,-23.50011,152.07745,1290.882933,1166.259265,353.3159122,24.38,82.48,8.18,3.68,282,350,0.29,0.2,350,1.24,988,1284.392857,6.407871995,0.997290954,4.456275,2.4851025,1.462025316,3.046986995,1.569231112,-0.327766225,0.952898208,93.35141239,0.000500505,0.691031074,0.308468421
OTI,8b-Edge,8b_Edge,Patch,8,OTI08,2,Sediment,Edge,Lagoon1,-23.50011,152.07745,1290.882933,1166.259265,353.3159122,24.38,82.48,8.18,3.68,282,350,0.29,0.2,350,1.24,959,1488.514286,6.338662572,0.997103026,NA,NA,NA,3.060408695,1.549238338,-0.328824322,0.961131874,92.78104566,3.85E-05,0.691066922,0.308894578
OTI,8c-Edge,8c_Edge,Patch,8,OTI08,3,Sediment,Edge,Lagoon1,-23.50011,152.07745,1290.882933,1166.259265,353.3159122,24.38,82.48,8.18,3.68,282,350,0.29,0.2,350,1.24,1346,2284.859712,6.791467033,0.998177304,NA,NA,NA,3.163355495,1.423255705,-0.285922056,0.974403668,91.10832566,0,0.687952648,0.312047352
OTI,8a-Inner,8a_Inner,Patch,8,OTI08,1,Sediment,Inner,Lagoon1,-23.50011,152.07745,1290.882933,1166.259265,353.3159122,24.38,82.48,8.18,3.68,313,540,0.29,0.2,540,1.73,896,1126.715736,6.342554552,0.996915286,4.89234,3.050208,1.546341463,1.524990664,1.499527154,0.193710077,1.00505301,386.436578,0.011434531,0.912122713,0.076442756
OTI,8b-Inner,8b_Inner,Patch,8,OTI08,2,Sediment,Inner,Lagoon1,-23.50011,152.07745,1290.882933,1166.259265,353.3159122,24.38,82.48,8.18,3.68,313,540,0.29,0.2,540,1.73,1117,1810.126697,6.534144568,0.99764233,NA,NA,NA,1.23580783,1.416204467,0.212736738,1.070428272,468.348313,0.019205567,0.92379638,0.056998053
OTI,8c-Inner,8c_Inner,Patch,8,OTI08,3,Sediment,Inner,Lagoon1,-23.50011,152.07745,1290.882933,1166.259265,353.3159122,24.38,82.48,8.18,3.68,313,540,0.29,0.2,540,1.73,1200,1873.22619,6.634854587,0.997708237,NA,NA,NA,1.296350961,1.383291587,0.252665874,1.065665842,458.9466566,0.002540519,0.937941056,0.059518425
OTI,8a-Outer,8a_Outer,Patch,8,OTI08,1,Sediment,Outer,Lagoon1,-23.50011,152.07745,1290.882933,1166.259265,353.3159122,24.38,82.48,8.18,3.68,299,370,0.36,0.2,370,1.24,1094,1579.153846,6.555599579,0.997662291,3.82656,-0.789786,0.895306859,2.779517305,1.591948874,-0.302809234,0.881833173,114.3341294,0.005371334,0.757228342,0.237400324
OTI,8b-Outer,8b_Outer,Patch,8,OTI08,2,Sediment,Outer,Lagoon1,-23.50011,152.07745,1290.882933,1166.259265,353.3159122,24.38,82.48,8.18,3.68,299,370,0.36,0.2,370,1.24,1093,1680.920354,6.530422359,0.997698822,NA,NA,NA,2.716379536,1.583654792,-0.265034261,0.846568879,122.7773532,0.003238979,0.7735882,0.223172821
OTI,8c-Outer,8c_Outer,Patch,8,OTI08,3,Sediment,Outer,Lagoon1,-23.50011,152.07745,1290.882933,1166.259265,353.3159122,24.38,82.48,8.18,3.68,299,370,0.36,0.2,370,1.24,1242,2100.242678,6.711460084,0.99815772,NA,NA,NA,2.882848352,1.481813634,-0.272081891,0.887667159,110.3678921,0,0.758122448,0.241877552
OTI,10a-Edge,10a_Edge,Patch,10,OTI10,1,Sediment,Edge,Lagoon1,-23.50343,152.0818,926.9630451,999.6525768,715.6418445,23.69,89.07,8.19,3.09,333,620,0.3,0.1,620,1.86,964,1281.689655,6.532416256,0.998025907,3.5103,1.7361675,1.389312977,1.969772472,1.713204784,-0.08461409,0.816443045,230.6695303,0.023937352,0.861814,0.114248648
OTI,10b-Edge,10b_Edge,Patch,10,OTI10,2,Sediment,Edge,Lagoon1,-23.50343,152.0818,926.9630451,999.6525768,715.6418445,23.69,89.07,8.19,3.09,333,620,0.3,0.1,620,1.86,1294,1881,6.845425031,0.998511545,NA,NA,NA,2.265434618,1.578391379,-0.101928376,0.890387819,186.768861,0.00148544,0.867645713,0.130868847
OTI,10c-Edge,10c_Edge,Patch,10,OTI10,3,Sediment,Edge,Lagoon1,-23.50343,152.0818,926.9630451,999.6525768,715.6418445,23.69,89.07,8.19,3.09,333,620,0.3,0.1,620,1.86,1584,2643.210526,7.075846006,0.998788353,NA,NA,NA,1.968825206,1.653078673,-0.008465538,0.837940613,246.7690688,0.014530481,0.873058974,0.112410545
OTI,10a-Inner,10a_Inner,Patch,10,OTI10,1,Sediment,Inner,Lagoon1,-23.50343,152.0818,926.9630451,999.6525768,715.6418445,23.69,89.07,8.19,3.09,428,450,0.34,0.3,450,1.05,1185,1748.131868,6.611968321,0.997633103,5.4018,3.567654,1.598173516,1.035700054,1.375051809,0.227727965,1.0576594,545.2228162,0.030232795,0.925483567,0.044283637
OTI,10b-Inner,10b_Inner,Patch,10,OTI10,2,Sediment,Inner,Lagoon1,-23.50343,152.0818,926.9630451,999.6525768,715.6418445,23.69,89.07,8.19,3.09,428,450,0.34,0.3,450,1.05,1063,1380.384937,6.606622885,0.997961884,NA,NA,NA,1.01340865,1.342573953,0.20807222,1.065414993,543.6031458,0.029994327,0.927894473,0.042111201
OTI,10c-Inner,10c_Inner,Patch,10,OTI10,3,Sediment,Inner,Lagoon1,-23.50343,152.0818,926.9630451,999.6525768,715.6418445,23.69,89.07,8.19,3.09,428,450,0.34,0.3,450,1.05,1470,2931.745318,6.877529212,0.998259593,NA,NA,NA,0.872604627,1.286457053,0.205916368,1.099266536,594.8819294,0.037206173,0.925944765,0.036849062
OTI,10a-Outer,10a_Outer,Patch,10,OTI10,1,Sediment,Outer,Lagoon1,-23.50343,152.0818,926.9630451,999.6525768,715.6418445,23.69,89.07,8.19,3.09,347,380,0.26,0.1,380,1.1,1565,3370.223048,6.940197846,0.998292923,3.45708,2.069784,1.513513514,1.949389155,1.438267689,-0.130516494,0.875161764,231.866838,0.007887337,0.929528535,0.062584128
OTI,10b-Outer,10b_Outer,Patch,10,OTI10,2,Sediment,Outer,Lagoon1,-23.50343,152.0818,926.9630451,999.6525768,715.6418445,23.69,89.07,8.19,3.09,347,380,0.26,0.1,380,1.1,913,1201.233945,6.295144007,0.99698364,NA,NA,NA,1.969735884,1.423384078,-0.086777963,0.838934766,236.7504713,0.004593274,0.930257477,0.065149249
OTI,10c-Outer,10c_Outer,Patch,10,OTI10,3,Sediment,Outer,Lagoon1,-23.50343,152.0818,926.9630451,999.6525768,715.6418445,23.69,89.07,8.19,3.09,347,380,0.26,0.1,380,1.1,1362,2382.197133,6.794138563,0.998190297,NA,NA,NA,2.004169499,1.431825506,-0.115029029,0.863290906,225.5335406,0.004201216,0.926889281,0.068909504
OTI,10W-a-Water,10W_a_Water,Patch,10,OTI10,1,Water,Water,Lagoon1,-23.50343,152.0818,926.9630451,999.6525768,715.6418445,,,,,,,,,,,,,,,NA,NA,NA,,,,,,,,
OTI,10W-b-Water,10W_b_Water,Patch,10,OTI10,2,Water,Water,Lagoon1,-23.50343,152.0818,926.9630451,999.6525768,715.6418445,,,,,,,,,,,,,,,NA,NA,NA,,,,,,,,
OTI,12a-Edge,12a_Edge,Patch,12,OTI12,1,Sediment,Edge,Lagoon1,-23.49518,152.08685,450.5213395,1213.869406,946.8093646,25.46,91.76,8.16,4.11,338,390,0.2,0.1,390,1.15,830,1072.777143,6.190881801,0.996310074,4.9386,1.688508,1.240310078,1.789375449,1.592909825,0.041895585,0.921314367,290.6523778,0.019005077,0.891516551,0.089478373
OTI,12b-Edge,12b_Edge,Patch,12,OTI12,2,Sediment,Edge,Lagoon1,-23.49518,152.08685,450.5213395,1213.869406,946.8093646,25.46,91.76,8.16,4.11,338,390,0.2,0.1,390,1.15,1396,2495.388889,6.856990214,0.998310059,NA,NA,NA,1.936364255,1.490093327,0.042501798,0.931785571,261.4682396,0.001293662,0.908154721,0.090551617
OTI,12c-Edge,12c_Edge,Patch,12,OTI12,3,Sediment,Edge,Lagoon1,-23.49518,152.08685,450.5213395,1213.869406,946.8093646,25.46,91.76,8.16,4.11,338,390,0.2,0.1,390,1.15,598,648.53125,5.978977013,0.996322879,NA,NA,NA,2.064841601,1.517293953,0.03455883,0.940865936,238.3261151,0.001554781,0.891109643,0.107335576
OTI,12a-Inner,12a_Inner,Patch,12,OTI12,1,Sediment,Inner,Lagoon1,-23.49518,152.08685,450.5213395,1213.869406,946.8093646,25.46,91.76,8.16,4.11,327,270,0.2,0.1,270,0.83,580,658.1234568,5.948001942,0.99596623,3.103133333,1.75508,1.471544715,1.379359523,1.183804875,0.134296571,1.000682412,401.9626065,0.000230979,0.961429265,0.038339756
OTI,12b-Inner,12b_Inner,Patch,12,OTI12,2,Sediment,Inner,Lagoon1,-23.49518,152.08685,450.5213395,1213.869406,946.8093646,25.46,91.76,8.16,4.11,327,270,0.2,0.1,270,0.83,406,425.9038462,5.506518562,0.993730676,NA,NA,NA,1.380660042,1.216596827,0.088980442,0.965331564,394.4182689,0.005600096,0.959024476,0.035375428
OTI,12c-Inner,12c_Inner,Patch,12,OTI12,3,Sediment,Inner,Lagoon1,-23.49518,152.08685,450.5213395,1213.869406,946.8093646,25.46,91.76,8.16,4.11,327,270,0.2,0.1,270,0.83,988,1482.459596,6.383389168,0.997154809,NA,NA,NA,1.297802692,1.188487872,0.130222263,0.959160667,427.4478368,0.000885421,0.967261799,0.03185278
OTI,12a-Outer,12a_Outer,Patch,12,OTI12,1,Sediment,Outer,Lagoon1,-23.49518,152.08685,450.5213395,1213.869406,946.8093646,25.46,91.76,8.16,4.11,323,330,0.2,0.1,330,1.02,1360,2474.965116,6.782588505,0.998099158,4.19784,2.777868,1.6,1.457606962,1.36762056,0.053509062,0.933126786,369.8658646,0.017987764,0.94070621,0.041306026
OTI,12b-Outer,12b_Outer,Patch,12,OTI12,2,Sediment,Outer,Lagoon1,-23.49518,152.08685,450.5213395,1213.869406,946.8093646,25.46,91.76,8.16,4.11,323,330,0.2,0.1,330,1.02,460,491.6105263,5.537964606,0.99355254,NA,NA,NA,1.64297169,1.333173532,0.037228761,0.927949971,321.0960758,0.005186661,0.947864147,0.046949192
OTI,12c-Outer,12c_Outer,Patch,12,OTI12,3,Sediment,Outer,Lagoon1,-23.49518,152.08685,450.5213395,1213.869406,946.8093646,25.46,91.76,8.16,4.11,323,330,0.2,0.1,330,1.02,1342,2410.788462,6.756961395,0.997971864,NA,NA,NA,1.531671852,1.35965463,0.018314892,0.91806017,343.3535329,0.015108862,0.9441097,0.040781438
OTI,12W-a-Water,12W_a_Water,Patch,12,OTI12,1,Water,Water,Lagoon1,-23.49518,152.08685,450.5213395,1213.869406,946.8093646,,,,,,,,,,,,,,,NA,NA,NA,,,,,,,,
OTI,12W-b-Water,12W_b_Water,Patch,12,OTI12,2,Water,Water,Lagoon1,-23.49518,152.08685,450.5213395,1213.869406,946.8093646,,,,,,,,,,,,,,,NA,NA,NA,,,,,,,,
OTI,12W-c-Water,12W_c_Water,Patch,12,OTI12,3,Water,Water,Lagoon1,-23.49518,152.08685,450.5213395,1213.869406,946.8093646,,,,,,,,,,,,,,,NA,NA,NA,,,,,,,,
OTI,13a-Edge,13a_Edge,Patch,13,OTI13,1,Sediment,Edge,Lagoon1,-23.50416,152.0894,741.1667973,217.9905992,1215.591707,25.26,97.43,8.19,1.94,290,260,0.2,0.1,260,0.9,1203,1680.934483,6.671705395,0.997767741,NA,NA,NA,1.69086802,1.303008261,0.115382072,1.014194001,322.7368983,0.000308065,0.940864927,0.058827008
OTI,13b-Edge,13b_Edge,Patch,13,OTI13,2,Sediment,Edge,Lagoon1,-23.50416,152.0894,741.1667973,217.9905992,1215.591707,25.26,97.43,8.19,1.94,290,260,0.2,0.1,260,0.9,759,895.5,6.254696691,0.997292648,NA,NA,NA,1.588966046,1.270993724,0.128149088,1.063625119,345.7791318,0.000307972,0.945194225,0.054497803
OTI,13c-Edge,13c_Edge,Patch,13,OTI13,3,Sediment,Edge,Lagoon1,-23.50416,152.0894,741.1667973,217.9905992,1215.591707,25.26,97.43,8.19,1.94,290,260,0.2,0.1,260,0.9,1393,2272.382911,6.8482513,0.998299891,NA,NA,NA,1.663294258,1.333489672,0.15667566,1.023752783,336.7622782,0.000346434,0.934710343,0.064943222
OTI,13a-Inner,13a_Inner,Patch,13,OTI13,1,Sediment,Inner,Lagoon1,-23.50416,152.0894,741.1667973,217.9905992,1215.591707,25.26,97.43,8.19,1.94,273,360,0.3,0.1,360,1.32,632,709.2222222,6.008579583,0.996451491,NA,NA,NA,1.42835904,1.42183322,0.20289945,1.066531179,405.3650804,0.007656357,0.925418525,0.066925118
OTI,13b-Inner,13b_Inner,Patch,13,OTI13,2,Sediment,Inner,Lagoon1,-23.50416,152.0894,741.1667973,217.9905992,1215.591707,25.26,97.43,8.19,1.94,273,360,0.3,0.1,360,1.32,1114,1439.197761,6.667743855,0.998133994,NA,NA,NA,1.549343144,1.359921982,0.213127665,1.118347722,372.5195523,0.000230887,0.929831924,0.069937189
OTI,13c-Inner,13c_Inner,Patch,13,OTI13,3,Sediment,Inner,Lagoon1,-23.50416,152.0894,741.1667973,217.9905992,1215.591707,25.26,97.43,8.19,1.94,273,360,0.3,0.1,360,1.32,605,740.5940594,5.822887275,0.993969446,NA,NA,NA,1.438966775,1.386896781,0.199750342,1.095101351,400.2671528,0.005746501,0.92914126,0.065112239
OTI,13a-Outer,13a_Outer,Patch,13,OTI13,1,Sediment,Outer,Lagoon1,-23.50416,152.0894,741.1667973,217.9905992,1215.591707,25.26,97.43,8.19,1.94,282,260,0.18,0.1,260,0.92,929,1217.75,6.372218473,0.997040697,NA,NA,NA,0.886884895,1.062206606,0.116267766,1.001345969,562.917153,0.017085758,0.969659396,0.013254846
OTI,13b-Outer,13b_Outer,Patch,13,OTI13,2,Sediment,Outer,Lagoon1,-23.50416,152.0894,741.1667973,217.9905992,1215.591707,25.26,97.43,8.19,1.94,282,260,0.18,0.1,260,0.92,1002,1318.951327,6.454827422,0.997319764,NA,NA,NA,1.10639261,1.057976979,0.08937991,0.977851696,477.0061882,0.006140322,0.978974411,0.014885266
OTI,13c-Outer,13c_Outer,Patch,13,OTI13,3,Sediment,Outer,Lagoon1,-23.50416,152.0894,741.1667973,217.9905992,1215.591707,25.26,97.43,8.19,1.94,282,260,0.18,0.1,260,0.92,968,1351.152174,6.462106326,0.997670764,NA,NA,NA,1.024163398,1.037393845,0.118667573,0.986886915,510.5968223,0.001809519,0.984350517,0.013839964
OTI,13W-a-Water,13W_a_Water,Patch,13,OTI13,1,Water,Water,Lagoon1,-23.50416,152.0894,741.1667973,217.9905992,1215.591707,,,,,,,,,,,,,,,NA,NA,NA,,,,,,,,
OTI,13W-b-Water,13W_b_Water,Patch,13,OTI13,2,Water,Water,Lagoon1,-23.50416,152.0894,741.1667973,217.9905992,1215.591707,,,,,,,,,,,,,,,NA,NA,NA,,,,,,,,
OTI,13W-c-Water,13W_c_Water,Patch,13,OTI13,3,Water,Water,Lagoon1,-23.50416,152.0894,741.1667973,217.9905992,1215.591707,,,,,,,,,,,,,,,NA,NA,NA,,,,,,,,
OTI,14a-Edge,14a_Edge,Patch,14,OTI14,1,Sediment,Edge,Lagoon1,-23.50384,152.09025,734.1549198,253.1195332,1192.76471,25.2,95.54,8.15,1.63,256,260,0.26,0.1,260,1.02,1129,1485.326087,6.630408745,0.997695621,NA,NA,NA,1.397799068,1.370413783,0.175625588,1.056816056,404.7474716,0.006577948,0.934515079,0.058906972
OTI,14b-Edge,14b_Edge,Patch,14,OTI14,2,Sediment,Edge,Lagoon1,-23.50384,152.09025,734.1549198,253.1195332,1192.76471,25.2,95.54,8.15,1.63,256,260,0.26,0.1,260,1.02,658,760.1219512,6.00498164,0.996003326,NA,NA,NA,1.370308163,1.357282235,0.17217236,1.033243369,412.1759013,0.006134417,0.938815695,0.055049888
OTI,14c-Edge,14c_Edge,Patch,14,OTI14,3,Sediment,Edge,Lagoon1,-23.50384,152.09025,734.1549198,253.1195332,1192.76471,25.2,95.54,8.15,1.63,256,260,0.26,0.1,260,1.02,1351,1950.854489,6.875703874,0.998341883,NA,NA,NA,1.407667243,1.359416779,0.171000875,1.050169299,400.4658323,0.002117099,0.940063202,0.0578197
OTI,14a-Inner,14a_Inner,Patch,14,OTI14,1,Sediment,Inner,Lagoon1,-23.50384,152.09025,734.1549198,253.1195332,1192.76471,25.2,95.54,8.15,1.63,1640,260,0.24,0.1,260,0.16,1039,1370.979508,6.519440659,0.997627078,NA,NA,NA,1.301905232,1.244277087,0.171486281,1.061889238,429.7129906,0.001193393,0.954720969,0.044085637
OTI,14b-Inner,14b_Inner,Patch,14,OTI14,2,Sediment,Inner,Lagoon1,-23.50384,152.09025,734.1549198,253.1195332,1192.76471,25.2,95.54,8.15,1.63,1640,260,0.24,0.1,260,0.16,599,678.3333333,6.021954639,0.996695534,NA,NA,NA,1.213542855,1.280677796,0.19360925,1.076772404,463.7239396,0.010932982,0.943992625,0.045074392
OTI,14c-Inner,14c_Inner,Patch,14,OTI14,3,Sediment,Inner,Lagoon1,-23.50384,152.09025,734.1549198,253.1195332,1192.76471,25.2,95.54,8.15,1.63,1640,260,0.24,0.1,260,0.16,789,933.5698324,6.121676502,0.994974052,NA,NA,NA,1.383048325,1.213446624,0.150412152,1.07063207,401.1344217,0.000731361,0.954927155,0.044341484
OTI,14a-Outer,14a_Outer,Patch,14,OTI14,1,Sediment,Outer,Lagoon1,-23.50384,152.09025,734.1549198,253.1195332,1192.76471,25.2,95.54,8.15,1.63,280,250,0.2,0.1,250,0.89,771,926.8389262,6.192602831,0.996561461,NA,NA,NA,1.20667926,1.280087127,0.086450094,0.958147485,447.1638905,0.0218983,0.94833673,0.02976497
OTI,14b-Outer,14b_Outer,Patch,14,OTI14,2,Sediment,Outer,Lagoon1,-23.50384,152.09025,734.1549198,253.1195332,1192.76471,25.2,95.54,8.15,1.63,280,250,0.2,0.1,250,0.89,684,816.7583333,6.034856878,0.995574744,NA,NA,NA,0.910334573,1.333962474,0.193317802,0.989053478,586.8127329,0.042892047,0.924151767,0.032956186
OTI,14c-Outer,14c_Outer,Patch,14,OTI14,3,Sediment,Outer,Lagoon1,-23.50384,152.09025,734.1549198,253.1195332,1192.76471,25.2,95.54,8.15,1.63,280,250,0.2,0.1,250,0.89,970,1228.165138,6.422987979,0.996985712,NA,NA,NA,1.139130751,1.295306231,0.116488977,0.964321221,476.4121348,0.024973501,0.94300425,0.032022248
OTI,15a-Edge,15a_Edge,Patch,15,OTI15,1,Sediment,Edge,Lagoon1,-23.49997,152.08921,630.0889154,681.6948267,978.9376004,25.79,101.69,8.22,3.21,296,450,0.26,0.1,450,1.52,1460,2585.479592,6.917024853,0.998441307,3.797470588,2.0292,1.434285714,2.380116187,1.43112452,-0.047875293,1.049619417,183.8955011,0.001508196,0.876199627,0.122292177
OTI,15b-Edge,15b_Edge,Patch,15,OTI15,2,Sediment,Edge,Lagoon1,-23.49997,152.08921,630.0889154,681.6948267,978.9376004,25.79,101.69,8.22,3.21,296,450,0.26,0.1,450,1.52,439,461.4788732,5.600084268,0.994379386,NA,NA,NA,2.260084285,1.465846987,-0.032008085,1.016052576,200.0539166,0.002154566,0.883563581,0.114281853
OTI,15c-Edge,15c_Edge,Patch,15,OTI15,3,Sediment,Edge,Lagoon1,-23.49997,152.08921,630.0889154,681.6948267,978.9376004,25.79,101.69,8.22,3.21,296,450,0.26,0.1,450,1.52,870,1097.093023,6.340122741,0.997179101,NA,NA,NA,2.165222155,1.451794858,0.008728454,0.98385097,218.1845226,0.00042325,0.894290125,0.105286624
OTI,15a-Inner,15a_Inner,Patch,15,OTI15,1,Sediment,Inner,Lagoon1,-23.49997,152.08921,630.0889154,681.6948267,978.9376004,25.79,101.69,8.22,3.21,273,410,0.25,0.1,410,1.5,1125,1755.395652,6.548056028,0.997514471,4.006502291,2.109550513,1.425149701,1.740401542,1.356406064,0.016931142,0.980951854,293.1974717,0.004819585,0.93720113,0.057979285
OTI,15b-Inner,15b_Inner,Patch,15,OTI15,2,Sediment,Inner,Lagoon1,-23.49997,152.08921,630.0889154,681.6948267,978.9376004,25.79,101.69,8.22,3.21,273,410,0.25,0.1,410,1.5,1290,1808.555921,6.822211176,0.998015362,NA,NA,NA,1.467179514,1.293704496,0.033943111,0.94778323,359.8442907,0.008869701,0.950783211,0.040347088
OTI,15c-Inner,15c_Inner,Patch,15,OTI15,3,Sediment,Inner,Lagoon1,-23.49997,152.08921,630.0889154,681.6948267,978.9376004,25.79,101.69,8.22,3.21,273,410,0.25,0.1,410,1.5,1212,1934.306202,6.608553696,0.997470785,NA,NA,NA,1.65974972,1.321089758,0.024443446,0.997995073,311.1305555,0.004946166,0.94275666,0.052297174
OTI,15a-Outer,15a_Outer,Patch,15,OTI15,1,Sediment,Outer,Lagoon1,-23.49997,152.08921,630.0889154,681.6948267,978.9376004,25.79,101.69,8.22,3.21,298,380,0.23,0.1,380,1.28,1429,2357.753378,6.938459142,0.998575569,2.50044,1.49787,1.514018692,2.086865226,1.236031891,-0.051882638,1.043597404,225.9132275,0.000230933,0.939713889,0.060055178
OTI,15b-Outer,15b_Outer,Patch,15,OTI15,2,Sediment,Outer,Lagoon1,-23.49997,152.08921,630.0889154,681.6948267,978.9376004,25.79,101.69,8.22,3.21,298,380,0.23,0.1,380,1.28,763,981.8175676,6.119706597,0.996440569,NA,NA,NA,1.729443879,1.294013891,-0.030331649,0.964248984,291.4146509,0.009125548,0.947044807,0.043829645
OTI,15c-Outer,15c_Outer,Patch,15,OTI15,3,Sediment,Outer,Lagoon1,-23.49997,152.08921,630.0889154,681.6948267,978.9376004,25.79,101.69,8.22,3.21,298,380,0.23,0.1,380,1.28,938,1200.246377,6.365022058,0.99648162,NA,NA,NA,1.651642863,1.305898301,0.001266236,0.940320024,311.5186405,0.004865074,0.951071529,0.044063397
OTI,15W-a-Water,15W_a_Water,Patch,15,OTI15,1,Water,Water,Lagoon1,-23.49997,152.08921,630.0889154,681.6948267,978.9376004,,,,,,,,,,,,,,,NA,NA,NA,,,,,,,,
OTI,15W-b-Water,15W_b_Water,Patch,15,OTI15,2,Water,Water,Lagoon1,-23.49997,152.08921,630.0889154,681.6948267,978.9376004,,,,,,,,,,,,,,,NA,NA,NA,,,,,,,,
OTI,15W-c-Water,15W_c_Water,Patch,15,OTI15,3,Water,Water,Lagoon1,-23.49997,152.08921,630.0889154,681.6948267,978.9376004,,,,,,,,,,,,,,,NA,NA,NA,,,,,,,,
OTI,16-1a,16_1a,Spot,16,OTI16,1,Sediment,Spot,Lagoon2,-23.50047,152.06226,875.0042491,2832.912105,1942.662612,25.04546383,120.6714894,8.291702128,4,310,345,0.21,0.3,345,1.11,2016,4043.779037,7.166746943,0.998571038,2.93205,1.702125,1.490196078,1.54118468,1.108724334,0.026284271,0.936114171,345.1400601,0,0.981619335,0.018380665
OTI,16-2a,16_2a,Spot,16,OTI16,1,Sediment,Spot,Lagoon2,-23.50047,152.06226,875.0042491,2832.912105,1942.662612,25.04546383,120.6714894,8.291702128,4,310,345,0.21,0.3,345,1.11,1713,2649.326478,6.983409725,0.998428122,NA,NA,NA,1.579711034,1.10401139,0.018131928,0.93259066,334.597995,3.85E-05,0.981482137,0.018479363
OTI,16-3a,16_3a,Spot,16,OTI16,1,Sediment,Spot,Lagoon2,-23.50047,152.06226,875.0042491,2832.912105,1942.662612,25.04546383,120.6714894,8.291702128,4,310,345,0.21,0.3,345,1.11,1851,3581.625,7.020859217,0.998276412,NA,NA,NA,1.549026854,1.089406242,0.029385426,0.938176788,343.4636061,0,0.981665912,0.018334088
OTI,16-1b,16_1b,Spot,16,OTI16,2,Sediment,Spot,Lagoon2,-23.50047,152.06226,875.0042491,2832.912105,1942.662612,25.04546383,120.6714894,8.291702128,4,310.5,305,0.23,0.1,305,0.98,1799,3160.035422,6.85849623,0.995178925,2.604375,1.5999975,1.534090909,1.7871054,1.00300395,0.010127979,0.954437664,289.5160985,0,0.983086279,0.016913721
OTI,16-2b,16_2b,Spot,16,OTI16,2,Sediment,Spot,Lagoon2,-23.50047,152.06226,875.0042491,2832.912105,1942.662612,25.04546383,120.6714894,8.291702128,4,310.5,305,0.23,0.1,305,0.98,1825,3341.064789,6.979046133,0.998098318,NA,NA,NA,1.973266112,1.000356172,-0.069684366,0.986839705,247.4682556,0,0.982173972,0.017826028
OTI,16-3b,16_3b,Spot,16,OTI16,2,Sediment,Spot,Lagoon2,-23.50047,152.06226,875.0042491,2832.912105,1942.662612,25.04546383,120.6714894,8.291702128,4,310.5,305,0.23,0.1,305,0.98,1144,1371.742574,6.42690676,0.996898116,NA,NA,NA,1.807830418,1.083352734,-0.062815859,0.952577229,276.3020065,0.000346434,0.9823655,0.017288066
OTI,16-1c,16_1c,Spot,16,OTI16,3,Sediment,Spot,Lagoon2,-23.50047,152.06226,875.0042491,2832.912105,1942.662612,25.04546383,120.6714894,8.291702128,4,319,360,0.235,0.15,360,1.13,1666,3144.103093,6.826535072,0.997538893,2.450175,1.3617,1.459770115,2.633308471,1.206368364,-0.087452647,1.047231404,153.9056389,7.70E-05,0.882481393,0.117441637
OTI,16-2c,16_2c,Spot,16,OTI16,3,Sediment,Spot,Lagoon2,-23.50047,152.06226,875.0042491,2832.912105,1942.662612,25.04546383,120.6714894,8.291702128,4,319,360,0.235,0.15,360,1.13,1806,2894.22695,6.984794927,0.998117819,NA,NA,NA,2.694661265,1.174305393,-0.078609612,1.042426671,148.3186604,0,0.876808724,0.123191276
OTI,16-3c,16_3c,Spot,16,OTI16,3,Sediment,Spot,Lagoon2,-23.50047,152.06226,875.0042491,2832.912105,1942.662612,25.04546383,120.6714894,8.291702128,4,319,360,0.235,0.15,360,1.13,1905,3751.413105,7.029929299,0.998223548,NA,NA,NA,2.796688745,1.151470861,-0.094453445,1.097621818,138.5225369,0,0.86615909,0.13384091
OTI,16W-a-Water,16W_a_Water,Spot,16,OTI16,1,Water,Water,Lagoon2,-23.50047,152.06226,875.0042491,2832.912105,1942.662612,,,,,,,,,,,,,,,NA,NA,NA,,,,,,,,
OTI,16W-b-Water,16W_b_Water,Spot,16,OTI16,2,Water,Water,Lagoon2,-23.50047,152.06226,875.0042491,2832.912105,1942.662612,,,,,,,,,,,,,,,NA,NA,NA,,,,,,,,
OTI,16W-c-Water,16W_c_Water,Spot,16,OTI16,3,Water,Water,Lagoon2,-23.50047,152.06226,875.0042491,2832.912105,1942.662612,,,,,,,,,,,,,,,NA,NA,NA,,,,,,,,
OTI,18-a1-OR,18_a1_OR,Spot,18,OTI18,1,Sediment,Spot,OuterReef,-23.49498,152.04479,47.55047721,4709.631132,3693.655882,,,,9,268,280,0.17,0.1,280,1.04,1073,1426.33945,6.334424606,0.996369759,4.05075,2.3489325,1.489361702,1.924860635,0.692264219,-0.075651272,1.001477558,259.5321693,0.00538641,0.99461359,0
OTI,18-b1-OR,18_b1_OR,Spot,18,OTI18,1,Sediment,Spot,OuterReef,-23.49498,152.04479,47.55047721,4709.631132,3693.655882,,,,9,268,280,0.17,0.1,280,1.04,1343,1790.273556,6.632870081,0.997516906,NA,NA,NA,1.892557865,0.683438559,-0.063437429,0.980969187,265.7575484,0.001646434,0.998353566,0
OTI,18-c1-OR,18_c1_OR,Spot,18,OTI18,1,Sediment,Spot,OuterReef,-23.49498,152.04479,47.55047721,4709.631132,3693.655882,,,,9,268,280,0.17,0.1,280,1.04,1664,2592.619792,6.84756998,0.997658387,NA,NA,NA,1.85163659,0.685717137,-0.059381273,0.975805372,273.6043084,0.000153955,0.999846045,0
OTI,18-a2-OR,18_a2_OR,Spot,18,OTI18,2,Sediment,Spot,OuterReef,-23.49498,152.04479,47.55047721,4709.631132,3693.655882,,,,9,228,230,0.17,0.1,230,1.01,1593,2536.62908,6.844472004,0.998010848,4.186425,2.8255275,1.619402985,1.612551536,0.69312021,-0.020051141,0.973775564,325.2433552,0,0.9920008,0.0079992
OTI,18-b2-OR,18_b2_OR,Spot,18,OTI18,2,Sediment,Spot,OuterReef,-23.49498,152.04479,47.55047721,4709.631132,3693.655882,,,,9,228,230,0.17,0.1,230,1.01,792,838.5294118,6.117798709,0.995622202,NA,NA,NA,1.583986827,0.70035665,-0.020184081,0.974190298,331.5445283,0,0.99160084,0.00839916
OTI,18-c2-OR,18_c2_OR,Spot,18,OTI18,2,Sediment,Spot,OuterReef,-23.49498,152.04479,47.55047721,4709.631132,3693.655882,,,,9,228,230,0.17,0.1,230,1.01,1710,2553.160976,6.947537663,0.998061035,NA,NA,NA,1.584194275,0.707453641,-0.022401284,0.968516858,331.1653356,0,0.991996799,0.008003201
OTI,18-a3-OR,18_a3_OR,Spot,18,OTI18,3,Sediment,Spot,OuterReef,-23.49498,152.04479,47.55047721,4709.631132,3693.655882,,,,9,260,260,0.17,0.1,260,1,1595,2562.100313,6.857407125,0.998054439,3.279,2.04255,1.545454545,1.756693522,0.685477382,-0.030336156,0.976459532,293.3991919,0,0.99149915,0.00850085
OTI,18-b3-OR,18_b3_OR,Spot,18,OTI18,3,Sediment,Spot,OuterReef,-23.49498,152.04479,47.55047721,4709.631132,3693.655882,,,,9,260,260,0.17,0.1,260,1,2044,3785.841709,7.208807353,0.998692253,NA,NA,NA,1.675427606,0.702503813,-0.036085988,0.977194862,310.4483604,0,0.990702789,0.009297211
OTI,18-c3-OR,18_c3_OR,Spot,18,OTI18,3,Sediment,Spot,OuterReef,-23.49498,152.04479,47.55047721,4709.631132,3693.655882,,,,9,260,260,0.17,0.1,260,1,1501,2190.107143,6.777323076,0.997777499,NA,NA,NA,1.717333173,0.673553096,-0.024034895,0.969448031,302.1159268,0,0.9899,0.0101
OTI,19-a1-OR,19_a1_OR,Spot,19,OTI19,1,Sediment,Spot,OuterReef,-23.48884,152.06032,15.85578121,3531.052069,2292.695628,,,,11.6,262,280,0.12,0.2,280,1.07,1448,2034.920732,6.81659492,0.998286545,5.223144105,3.300189956,1.557788945,0.876164406,0.739593185,0.047788087,0.961898298,550.0331675,0,0.99500861,0.00499139
OTI,19-b1-OR,19_b1_OR,Spot,19,OTI19,1,Sediment,Spot,OuterReef,-23.48884,152.06032,15.85578121,3531.052069,2292.695628,,,,11.6,262,280,0.12,0.2,280,1.07,1570,2631.289199,6.879793787,0.998307003,NA,NA,NA,0.807887669,0.7525982,0.06403531,0.970855101,578.8832535,0,0.994761529,0.005238471
OTI,19-c1-OR,19_c1_OR,Spot,19,OTI19,1,Sediment,Spot,OuterReef,-23.48884,152.06032,15.85578121,3531.052069,2292.695628,,,,11.6,262,280,0.12,0.2,280,1.07,1708,2788.626087,7.007178859,0.998547617,NA,NA,NA,0.841087245,0.770457362,0.079241033,0.977228066,568.086533,0,0.994160945,0.005839055
OTI,19-a2-OR,19_a2_OR,Spot,19,OTI19,2,Sediment,Spot,OuterReef,-23.48884,152.06032,15.85578121,3531.052069,2292.695628,,,,11.6,256,250,0.12,0.1,250,0.98,1583,2590.51,6.888637596,0.998285111,5.32365,3.199995,1.516483516,1.317582325,0.712998158,0.011448638,0.950025071,401.7093061,0,0.99213261,0.00786739
OTI,19-b2-OR,19_b2_OR,Spot,19,OTI19,2,Sediment,Spot,OuterReef,-23.48884,152.06032,15.85578121,3531.052069,2292.695628,,,,11.6,256,250,0.12,0.1,250,0.98,1699,2756.52924,6.980179382,0.998360441,NA,NA,NA,1.285516654,0.724416815,0.00789435,0.95944321,410.4998386,0,0.991493587,0.008506413
OTI,19-c2-OR,19_c2_OR,Spot,19,OTI19,2,Sediment,Spot,OuterReef,-23.48884,152.06032,15.85578121,3531.052069,2292.695628,,,,11.6,256,250,0.12,0.1,250,0.98,1674,2796.227129,6.967903787,0.998392561,NA,NA,NA,1.363875934,0.719241215,0.01107047,0.953648672,388.6955979,0,0.991335916,0.008664084
OTI,19-a3-OR,19_a3_OR,Spot,19,OTI19,3,Sediment,Spot,OuterReef,-23.48884,152.06032,15.85578121,3531.052069,2292.695628,,,,11.6,300,260,0.18,0.1,260,0.87,1843,3185.214286,7.105753061,0.998707835,5.111625,3.13191,1.531791908,1.350554013,0.785330359,0.01358693,0.969961048,392.7457329,0,0.989490234,0.010509766
OTI,19-b3-OR,19_b3_OR,Spot,19,OTI19,3,Sediment,Spot,OuterReef,-23.48884,152.06032,15.85578121,3531.052069,2292.695628,,,,11.6,300,260,0.18,0.1,260,0.87,1964,3599.040872,7.188607037,0.998800849,NA,NA,NA,1.389756382,0.734812552,0.018977342,0.955790645,382.7464052,0,0.988939914,0.011060086
OTI,19-c3-OR,19_c3_OR,Spot,19,OTI19,3,Sediment,Spot,OuterReef,-23.48884,152.06032,15.85578121,3531.052069,2292.695628,,,,11.6,300,260,0.18,0.1,260,0.87,1338,1860.908163,6.691110604,0.997950145,NA,NA,NA,1.213249069,0.809313825,0.024019872,0.964820067,433.093174,0,0.990800355,0.009199645
OTI,OR19W-a-Water,OR19W_a_Water,Spot,19,OTI19,1,Water,Water,OuterReef,-23.48884,152.06032,15.85578121,3531.052069,2292.695628,,,,,,,,,,,,,,,NA,NA,NA,,,,,,,,
OTI,OR19W-b-Water,OR19W_b_Water,Spot,19,OTI19,2,Water,Water,OuterReef,-23.48884,152.06032,15.85578121,3531.052069,2292.695628,,,,,,,,,,,,,,,NA,NA,NA,,,,,,,,
OTI,OR19W-c-Water,OR19W_c_Water,Spot,19,OTI19,3,Water,Water,OuterReef,-23.48884,152.06032,15.85578121,3531.052069,2292.695628,,,,,,,,,,,,,,,NA,NA,NA,,,,,,,,
OTI,Apron1a-30,Apron1a_30,Spot,30,SA1,1,Sediment,Spot,SandApron,-23.5001,152.0662,988.2783705,2453.95788,1541.077686,,,,1.5,275.5,380,0.215,0.3,380,1.38,1464,2597.147727,6.579723184,0.996161074,2.19204,1.3617,1.543478261,1.089221792,0.994333302,0.150758035,1.085388078,487.525743,0,0.979695702,0.020304298
OTI,Apron1b-30,Apron1b_30,Spot,30,SA1,2,Sediment,Spot,SandApron,-23.5001,152.0662,988.2783705,2453.95788,1541.077686,,,,1.5,275.5,380,0.215,0.3,380,1.38,1443,2329.285714,6.65641485,0.997128692,3.81945,2.3489325,1.534883721,1.057151529,0.965229953,0.152676053,1.045334852,501.5655823,0,0.984929895,0.015070105
OTI,Apron1c-30,Apron1c_30,Spot,30,SA1,3,Sediment,Spot,SandApron,-23.5001,152.0662,988.2783705,2453.95788,1541.077686,,,,1.5,275.5,380,0.215,0.3,380,1.38,1769,3133.294643,6.954715574,0.997903781,NA,NA,NA,1.372946457,1.011350324,0.10616193,1.019697423,397.7753224,0,0.981065972,0.018934028
OTI,Apron2a-31,Apron2a_31,Spot,31,SA2,1,Sediment,Spot,SandApron,-23.5062,152.0742,483.2351569,1540.966006,1227.745015,25.77667742,101.7822581,8.270483871,1.5,239,290,0.26,0.15,290,1.21,1414,2282.126354,6.627075151,0.997144274,4.688325,3.3021225,1.664383562,1.218428137,0.979612648,-0.008565852,0.926554181,425.4916756,0.000808024,0.987877267,0.011314709
OTI,Apron2b-31,Apron2b_31,Spot,31,SA2,2,Sediment,Spot,SandApron,-23.5062,152.0742,483.2351569,1540.966006,1227.745015,25.77667742,101.7822581,8.270483871,1.5,239,290,0.26,0.15,290,1.21,1453,2675.860656,6.643133754,0.997338046,3.78165,2.5531875,1.619834711,1.01992672,0.995732864,0.037660187,0.942133681,498.1028563,0.011175945,0.97434561,0.014478445
OTI,Apron2c-31,Apron2c_31,Spot,31,SA2,3,Sediment,Spot,SandApron,-23.5062,152.0742,483.2351569,1540.966006,1227.745015,25.77667742,101.7822581,8.270483871,1.5,239,290,0.26,0.15,290,1.21,1521,2559.989362,6.75638693,0.99769825,NA,NA,NA,0.987589707,0.964817322,0.080543002,0.950791514,517.2220591,0.001270386,0.986622841,0.012106773
OTI,Apron3a-32,Apron3a_32,Spot,32,SA3,1,Sediment,Spot,SandApron,-23.5082,152.0876,429.7887945,267.1814826,1413.277799,23.78452747,93.61758242,8.19,1.5,288,250,0.195,0.1,250,0.87,1774,3181.375,6.959877586,0.997984846,5.3244,3.608505,1.623529412,1.145560502,1.079490202,0.040165649,0.871177559,459.5497743,0.007027852,0.989944865,0.003027283
OTI,Apron3b-32,Apron3b_32,Spot,32,SA3,2,Sediment,Spot,SandApron,-23.5082,152.0876,429.7887945,267.1814826,1413.277799,23.78452747,93.61758242,8.19,1.5,288,250,0.195,0.1,250,0.87,1555,2652.322581,6.818765127,0.997968021,NA,NA,NA,1.027152854,1.099312493,0.083881031,0.868163045,512.1052793,0.01389669,0.985823792,0.000279518
OTI,Apron3c-32,Apron3c_32,Spot,32,SA3,3,Sediment,Spot,SandApron,-23.5082,152.0876,429.7887945,267.1814826,1413.277799,23.78452747,93.61758242,8.19,1.5,288,250,0.195,0.1,250,0.87,1360,2157.842105,6.567344503,0.996901939,NA,NA,NA,1.035996347,1.073362233,0.066720834,0.886890472,503.3536129,0.0125656,0.987108295,0.000326105
